{"Epoch": 12, "Current Batch": 1, "Total Batches": 1, "Training Loss": 6.593040943145752, "Validation Loss": 13.307672500610352, "Metrics": 13.307672500610352}
