{"Epoch": 27, "Current Batch": 1, "Total Batches": 1, "Training Loss": 4.0218825340271, "Validation Loss": 15.249829292297363, "Metrics": 15.249829292297363}