{"Epoch": 12, "Current Batch": 1, "Total Batches": 1, "Training Loss": 6.209676742553711, "Validation Loss": 13.476846694946289, "Metrics": 13.476846694946289}